case,available,time_to_ready_ms,acknowledged_commits,acknowledged_but_missing,partial_transactions,unbalanced_transactions,committed_without_ack,kill_landed,rows_before,rows_after,rows_lost,rows_with_Ttt_before,rows_with_Ttt_after,truncated_last_line,leftover_temp_bytes
PostgreSQL: write_load / recovery,1.0,361.905,,,,,,,,,,,,,
PostgreSQL: write_load / kill9,,,122847.0,0.0,0.0,0.0,5.0,,,,,,,,
PostgreSQL: bulk_update / recovery,1.0,339.794,,,,,,,,,,,,,
PostgreSQL: bulk_update / kill9,,,,,,,,1.0,1573840.0,1573840.0,0.0,1.0,1.0,,
openGauss: write_load / recovery,1.0,1632.04,,,,,,,,,,,,,
openGauss: write_load / kill9,,,49550.0,0.0,0.0,0.0,5.0,,,,,,,,
openGauss: bulk_update / recovery,1.0,1533.78,,,,,,,,,,,,,
openGauss: bulk_update / kill9,,,,,,,,1.0,1573840.0,1573840.0,0.0,1.0,1.0,,
File: bulk_update / inplace,,,,,,,,,1573840.0,779602.0,794238.0,1.0,63573.0,1.0,0.0
File: bulk_update / safe,,,,,,,,,1573840.0,1573840.0,0.0,1.0,1.0,0.0,46194681.0
