case,expected,actual,lost,retries,throughput_ops
PostgreSQL (2c2g): atomic,8000.0,8000.0,0.0,0.0,10500.7
PostgreSQL (2c2g): naive,8000.0,1080.0,6920.0,0.0,6379.93
PostgreSQL (2c2g): forupdate,8000.0,8000.0,0.0,0.0,4977.38
PostgreSQL (2c2g): repeatable,8000.0,8000.0,0.0,26506.0,2568.61
openGauss (2c2g): atomic,8000.0,8000.0,0.0,0.0,5373.96
openGauss (2c2g): naive,8000.0,1105.0,6895.0,0.0,3123.3
openGauss (2c2g): forupdate,8000.0,8000.0,0.0,0.0,2215.45
openGauss (2c2g): repeatable,8000.0,8000.0,0.0,12824.0,550.385
File (4c8g): nolock,16000.0,3401.0,12599.0,,805024.6823
File (4c8g): lock,16000.0,16000.0,0.0,,602559.9382
File (4c8g): lock_fsync,16000.0,16000.0,0.0,,14740.6588
