spec,target,config,scale,experiment,operation,variant,metric,n,median,min,max,cv_pct
4c8g,postgres,tuned,l,update,narrow,heap,latency_ms,3,0.7074,0.6505,2.7695,87.75366038033357
4c8g,opengauss,tuned,s,search,exact_common,btree,latency_ms,5,0.6573,0.6274,2.3013,75.07895226642736
4c8g,opengauss,tuned,m,search,exact_miss,btree,latency_ms,5,0.1993,0.1693,0.5358,58.983931539317005
4c8g,postgres,tuned,s,search,contains_rare,trgm,latency_ms,5,0.18,0.1332,0.4466,57.575420906501954
4c8g,opengauss,tuned,l,update,narrow,heap,latency_ms,3,3.5242,3.0209,8.0503,56.933493800397564
4c8g,opengauss,tuned,s,search,exact_miss,btree,latency_ms,5,0.236,0.2,0.5763,54.436399771239174
4c8g,file,na,m,lost_update,counter,nolock,throughput_ops,3,805024.6823,269798.1963,978807.7718,53.983537751936986
4c8g,postgres,default,l,search,exact_miss,btree,latency_ms,5,0.114834,0.106875,0.271709,48.95467584215007
4c8g,postgres,tuned,m,update,narrow,heap,latency_ms,5,0.4978,0.4463,1.1219,46.1782918398629
4c8g,opengauss,tuned,s,update,narrow,ustore,latency_ms,5,1.9083,1.8065,4.5968,46.127741472544464
4c8g,file,na,s,update,narrow,nofsync,latency_ms,5,27.2925,23.1707,57.2443,43.83257623823269
4c8g,file,na,s,update,broad,nofsync,latency_ms,5,26.1146,24.0834,57.3311,43.77718794522959
4c8g,opengauss,tuned,m,update,narrow,ustore,latency_ms,5,1.4693,1.2898,3.19,43.681226855795266
4c8g,postgres,tuned,s,update,narrow,heap,latency_ms,5,0.4846,0.4381,1.0398,43.198032490682884
4c8g,file,na,s,update,broad,safe,latency_ms,5,30.0459,25.5398,60.7521,40.64792585296291
4c8g,file,na,s,update,narrow,safe,latency_ms,5,27.8744,26.3456,56.9029,38.358265193170226
4c8g,postgres,tuned,s,search,prefix,btree,latency_ms,5,0.1765,0.1434,0.3076,35.96125487090999
4c8g,opengauss,tuned,s,update,narrow,heap,latency_ms,5,2.3173,1.1098,3.2469,34.097349423747595
4c8g,postgres,tuned,s,search,word_common,fts,latency_ms,5,0.5144,0.4867,0.9376,32.44418785269375
4c8g,opengauss,tuned,l,update,narrow,ustore,latency_ms,3,3.3108,2.2758,4.4238,32.19359888481927
4c8g,opengauss,tuned,m,update,narrow,heap,latency_ms,5,1.3486,1.2679,2.3544,29.44167516400233
4c8g,file,na,m,lost_update,counter,lock,throughput_ops,3,602559.9382,408533.6761,721606.4764,27.36060820275727
4c8g,postgres,tuned,s,search,contains_common,trgm,latency_ms,5,0.5193,0.4386,0.8023,24.688189546816
4c8g,opengauss,tuned,s,search,word_common,fts,latency_ms,5,0.8834,0.7738,1.3104,23.54360820029276
4c8g,postgres,tuned,l,search,word_miss,fts,latency_ms,5,0.1126,0.1023,0.1679,21.62152321565827
4c8g,postgres,tuned,s,search,contains_common,noidx,latency_ms,5,5.7748,5.5183,8.6245,20.781094265727344
4c8g,postgres,tuned,l,search,point,btree,latency_ms,5,0.1206,0.0812,0.1313,20.370919028056555
