run_ts,spec,placement,target,config,scale,experiment,operation,variant,rep,metric,value,unit,note
2026-10-07T06:53:19Z,1c1g,server,none,none,none,ladder,machine,no_database,0,vm_total_mb,956.4,MB,""
2026-10-07T06:53:19Z,1c1g,server,none,none,none,ladder,machine,no_database,0,vm_available_mb,712.9,MB,""
2026-10-07T06:53:21Z,1c1g,host,postgres,default,none,ladder,fresh_install,ready,0,available,1,bool,
2026-10-07T06:53:21Z,1c1g,host,postgres,default,none,ladder,fresh_install,ready,0,time_to_ready_ms,1118.85,ms,
2026-10-07T06:53:26Z,1c1g,server,postgres,default,none,ladder,fresh_install,ready,0,idle_mem_mb,114.4,MB,""
2026-10-07T06:53:26Z,1c1g,host,postgres,default,l,ladder,start,ready,0,available,1,bool,
2026-10-07T06:53:26Z,1c1g,host,postgres,default,l,ladder,start,ready,0,time_to_ready_ms,96.3096,ms,
2026-10-07T06:53:31Z,1c1g,server,postgres,default,l,ladder,start,ready,0,idle_mem_mb,28.5,MB,""
2026-10-07T06:53:31Z,1c1g,server,postgres,default,l,ladder,start,ready,0,vm_available_idle_mb,684.7,MB,""
2026-10-07T06:54:14Z,1c1g,host,postgres,default,l,ladder,mixed,c16,0,throughput_ops,23569.5,ops/s,
2026-10-07T06:54:14Z,1c1g,host,postgres,default,l,ladder,mixed,c16,0,p50_ms,0.610000,ms,
2026-10-07T06:54:14Z,1c1g,host,postgres,default,l,ladder,mixed,c16,0,p95_ms,1.27400,ms,
2026-10-07T06:54:14Z,1c1g,host,postgres,default,l,ladder,mixed,c16,0,p99_ms,1.73700,ms,
2026-10-07T06:54:14Z,1c1g,host,postgres,default,l,ladder,mixed,c16,0,max_ms,9.13000,ms,
2026-10-07T06:54:14Z,1c1g,host,postgres,default,l,ladder,mixed,c16,0,errors,0,count,
2026-10-07T06:54:14Z,1c1g,host,postgres,default,l,ladder,mixed,c16,0,error_rate_pct,0,%,
2026-10-07T06:54:14Z,1c1g,host,postgres,default,l,ladder,mixed,c16,0,connect_failures,0,count,
2026-10-07T06:54:14Z,1c1g,server,postgres,default,l,ladder,mixed,c16,0,server_cpu_cores,1.003,cores,""
2026-10-07T06:54:14Z,1c1g,server,postgres,default,l,ladder,mixed,c16,0,server_mem_mb,596.0,MB,""
2026-10-07T06:54:14Z,1c1g,server,postgres,default,l,ladder,mixed,c16,0,vm_available_mb,557.7,MB,""
2026-10-07T06:54:14Z,1c1g,host,postgres,default,l,ladder_heavy,sort_all_titles,single,0,completed,1,bool,
2026-10-07T06:54:14Z,1c1g,host,postgres,default,l,ladder_heavy,sort_all_titles,single,0,latency_ms,3717.86,ms,
2026-10-07T06:54:14Z,1c1g,host,postgres,default,l,ladder_heavy,join_aggregate,single,0,completed,1,bool,
2026-10-07T06:54:14Z,1c1g,host,postgres,default,l,ladder_heavy,join_aggregate,single,0,latency_ms,2558.64,ms,
2026-10-07T06:54:20Z,1c1g,server,postgres,default,l,ladder,survive,after_tests,0,server_mem_peak_mb,648.0,MB,""
2026-10-07T06:54:20Z,1c1g,server,postgres,default,l,ladder,survive,after_tests,0,still_running,1,bool,""
2026-10-07T06:54:21Z,1c1g,server,postgres,default,l,ladder,survive,after_tests,0,vm_oom_kills,0,count,""
2026-10-07T06:54:21Z,1c1g,host,postgres,tuned,l,ladder,start,ready,0,available,1,bool,
2026-10-07T06:54:21Z,1c1g,host,postgres,tuned,l,ladder,start,ready,0,time_to_ready_ms,97.3816,ms,
2026-10-07T06:54:26Z,1c1g,server,postgres,tuned,l,ladder,start,ready,0,idle_mem_mb,41.1,MB,""
2026-10-07T06:54:26Z,1c1g,server,postgres,tuned,l,ladder,start,ready,0,vm_available_idle_mb,675.1,MB,""
2026-10-07T06:55:09Z,1c1g,host,postgres,tuned,l,ladder,mixed,c16,0,throughput_ops,23159.5,ops/s,
2026-10-07T06:55:09Z,1c1g,host,postgres,tuned,l,ladder,mixed,c16,0,p50_ms,0.624000,ms,
2026-10-07T06:55:09Z,1c1g,host,postgres,tuned,l,ladder,mixed,c16,0,p95_ms,1.26900,ms,
2026-10-07T06:55:09Z,1c1g,host,postgres,tuned,l,ladder,mixed,c16,0,p99_ms,1.82500,ms,
2026-10-07T06:55:09Z,1c1g,host,postgres,tuned,l,ladder,mixed,c16,0,max_ms,11.5720,ms,
2026-10-07T06:55:09Z,1c1g,host,postgres,tuned,l,ladder,mixed,c16,0,errors,0,count,
2026-10-07T06:55:09Z,1c1g,host,postgres,tuned,l,ladder,mixed,c16,0,error_rate_pct,0,%,
2026-10-07T06:55:09Z,1c1g,host,postgres,tuned,l,ladder,mixed,c16,0,connect_failures,0,count,
2026-10-07T06:55:09Z,1c1g,server,postgres,tuned,l,ladder,mixed,c16,0,server_cpu_cores,1.002,cores,""
2026-10-07T06:55:09Z,1c1g,server,postgres,tuned,l,ladder,mixed,c16,0,server_mem_mb,374.9,MB,""
2026-10-07T06:55:09Z,1c1g,server,postgres,tuned,l,ladder,mixed,c16,0,vm_available_mb,400.6,MB,""
2026-10-07T06:55:09Z,1c1g,host,postgres,tuned,l,ladder_heavy,sort_all_titles,single,0,completed,1,bool,
2026-10-07T06:55:09Z,1c1g,host,postgres,tuned,l,ladder_heavy,sort_all_titles,single,0,latency_ms,3768.84,ms,
2026-10-07T06:55:09Z,1c1g,host,postgres,tuned,l,ladder_heavy,join_aggregate,single,0,completed,1,bool,
2026-10-07T06:55:09Z,1c1g,host,postgres,tuned,l,ladder_heavy,join_aggregate,single,0,latency_ms,2574.91,ms,
2026-10-07T06:55:16Z,1c1g,server,postgres,tuned,l,ladder,survive,after_tests,0,server_mem_peak_mb,555.4,MB,""
2026-10-07T06:55:16Z,1c1g,server,postgres,tuned,l,ladder,survive,after_tests,0,still_running,1,bool,""
2026-10-07T06:55:16Z,1c1g,server,postgres,tuned,l,ladder,survive,after_tests,0,vm_oom_kills,0,count,""
2026-10-07T06:55:22Z,1c1g,host,opengauss,default,none,ladder,fresh_install,ready,0,available,1,bool,
2026-10-07T06:55:22Z,1c1g,host,opengauss,default,none,ladder,fresh_install,ready,0,time_to_ready_ms,6085.26,ms,
2026-10-07T06:55:27Z,1c1g,server,opengauss,default,none,ladder,fresh_install,ready,0,idle_mem_mb,591.6,MB,""
2026-10-07T06:57:58Z,1c1g,host,opengauss,default,l,ladder,start,ready,0,available,0,bool,"08001: Connection to 192.168.64.2:15433 refused. Check that the hostname and port are correct and that the postmaster is accepting TCP/IP connections."
2026-10-07T06:57:58Z,1c1g,server,opengauss,default,l,ladder,start,ready,0,failure_log,0,text,"2026-10-07 06:55:28.091 [unknown] [unknown] localhost 263393800130592 0[0:0#0]  0 [BACKEND] HINT:  This error usually means that openGauss's request for a shared memory segment exceeded available memory or swap space, or exceeded your kernel's SHMALL parameter.  You can either reduce the request siz 	The openGauss documentation contains more information about shared memory configuration."
2026-10-07T06:57:58Z,1c1g,server,opengauss,default,l,ladder,start,ready,0,vm_oom_kills,0,count,""
2026-10-07T06:57:59Z,1c1g,host,opengauss,tuned,l,ladder,start,ready,0,available,1,bool,
2026-10-07T06:57:59Z,1c1g,host,opengauss,tuned,l,ladder,start,ready,0,time_to_ready_ms,819.277,ms,
2026-10-07T06:58:04Z,1c1g,server,opengauss,tuned,l,ladder,start,ready,0,idle_mem_mb,513.7,MB,""
2026-10-07T06:58:04Z,1c1g,server,opengauss,tuned,l,ladder,start,ready,0,vm_available_idle_mb,279.3,MB,""
2026-10-07T06:58:49Z,1c1g,host,opengauss,tuned,l,ladder,mixed,c16,0,throughput_ops,16.7000,ops/s,
2026-10-07T06:58:49Z,1c1g,host,opengauss,tuned,l,ladder,mixed,c16,0,p50_ms,880.119,ms,
2026-10-07T06:58:49Z,1c1g,host,opengauss,tuned,l,ladder,mixed,c16,0,p95_ms,1863.97,ms,
2026-10-07T06:58:49Z,1c1g,host,opengauss,tuned,l,ladder,mixed,c16,0,p99_ms,2226.27,ms,
2026-10-07T06:58:49Z,1c1g,host,opengauss,tuned,l,ladder,mixed,c16,0,max_ms,2400.25,ms,
2026-10-07T06:58:49Z,1c1g,host,opengauss,tuned,l,ladder,mixed,c16,0,errors,0,count,
2026-10-07T06:58:49Z,1c1g,host,opengauss,tuned,l,ladder,mixed,c16,0,error_rate_pct,0,%,
2026-10-07T06:58:49Z,1c1g,host,opengauss,tuned,l,ladder,mixed,c16,0,connect_failures,0,count,
2026-10-07T06:58:49Z,1c1g,server,opengauss,tuned,l,ladder,mixed,c16,0,server_cpu_cores,0.662,cores,""
2026-10-07T06:58:49Z,1c1g,server,opengauss,tuned,l,ladder,mixed,c16,0,server_mem_mb,692.3,MB,""
2026-10-07T06:58:50Z,1c1g,server,opengauss,tuned,l,ladder,mixed,c16,0,vm_available_mb,85.0,MB,""
2026-10-07T06:58:50Z,1c1g,host,opengauss,tuned,l,ladder_heavy,sort_all_titles,single,0,completed,1,bool,
2026-10-07T06:58:50Z,1c1g,host,opengauss,tuned,l,ladder_heavy,sort_all_titles,single,0,latency_ms,7262.45,ms,
2026-10-07T06:58:50Z,1c1g,host,opengauss,tuned,l,ladder_heavy,join_aggregate,single,0,completed,1,bool,
2026-10-07T06:58:50Z,1c1g,host,opengauss,tuned,l,ladder_heavy,join_aggregate,single,0,latency_ms,2686.16,ms,
2026-10-07T06:59:00Z,1c1g,server,opengauss,tuned,l,ladder,survive,after_tests,0,server_mem_peak_mb,762.4,MB,""
2026-10-07T06:59:00Z,1c1g,server,opengauss,tuned,l,ladder,survive,after_tests,0,still_running,1,bool,""
2026-10-07T06:59:00Z,1c1g,server,opengauss,tuned,l,ladder,survive,after_tests,0,vm_oom_kills,0,count,""
